machine,file,correctPrediction,score
valve,normal_id_06_00000010_.png,OK,1.0
valve,normal_id_06_00000036_.png,OK,1.0
valve,normal_id_02_00000031_.png,OK,1.0
valve,normal_id_00_00000087_.png,OK,1.0
valve,normal_id_02_00000089_.png,OK,1.0
valve,normal_id_02_00000066_.png,OK,1.0
valve,normal_id_04_00000013_.png,OK,1.0
valve,normal_id_02_00000074_.png,OK,1.0
valve,normal_id_02_00000036_.png,OK,1.0
valve,normal_id_00_00000020_.png,OK,1.0
valve,normal_id_00_00000047_.png,OK,1.0
valve,normal_id_02_00000082_.png,OK,1.0
valve,normal_id_06_00000043_.png,OK,1.0
valve,normal_id_06_00000096_.png,OK,1.0
valve,anomaly_id_02_00000036_.png,NOK,1.0
valve,normal_id_06_00000076_.png,OK,1.0
valve,normal_id_02_00000021_.png,OK,1.0
valve,normal_id_00_00000097_.png,OK,1.0
valve,normal_id_06_00000088_.png,OK,1.0
valve,normal_id_02_00000062_.png,OK,1.0
valve,normal_id_06_00000030_.png,OK,1.0
valve,normal_id_04_00000027_.png,OK,1.0
valve,normal_id_06_00000024_.png,OK,1.0
valve,normal_id_02_00000051_.png,OK,1.0
valve,normal_id_06_00000025_.png,OK,1.0
valve,normal_id_00_00000015_.png,OK,0.9999997615814208
valve,normal_id_06_00000079_.png,OK,0.9999997615814208
valve,normal_id_04_00000077_.png,OK,0.9999996423721312
valve,normal_id_00_00000056_.png,OK,0.9999995231628418
valve,normal_id_06_00000035_.png,OK,0.9999995231628418
valve,normal_id_04_00000098_.png,OK,0.999999225139618
valve,normal_id_00_00000069_.png,OK,0.9999992251396179
valve,normal_id_02_00000037_.png,OK,0.9999990463256836
valve,normal_id_04_00000040_.png,OK,0.9999988079071044
valve,normal_id_00_00000070_.png,OK,0.9999986290931702
valve,anomaly_id_04_00000022_.png,NOK,0.9999985694885254
valve,normal_id_00_00000081_.png,OK,0.9999974966049194
valve,anomaly_id_02_00000076_.png,NOK,0.99999737739563
valve,normal_id_04_00000097_.png,OK,0.99999737739563
valve,normal_id_02_00000045_.png,OK,0.9999969005584716
valve,normal_id_06_00000055_.png,OK,0.999996781349182
valve,normal_id_04_00000038_.png,OK,0.9999964237213136
valve,anomaly_id_04_00000012_.png,NOK,0.9999954104423524
valve,anomaly_id_06_00000078_.png,NOK,0.9999953508377076
valve,normal_id_06_00000057_.png,OK,0.999994695186615
valve,normal_id_00_00000001_.png,OK,0.9999938011169434
valve,normal_id_04_00000075_.png,OK,0.999993622303009
valve,normal_id_00_00000082_.png,OK,0.9999923706054688
valve,normal_id_02_00000035_.png,OK,0.9999896287918092
valve,normal_id_04_00000006_.png,OK,0.9999894499778748
valve,anomaly_id_06_00000067_.png,NOK,0.9999884963035583
valve,anomaly_id_02_00000117_.png,NOK,0.9999863505363464
valve,normal_id_00_00000091_.png,OK,0.9999849796295166
valve,normal_id_02_00000086_.png,OK,0.9999837875366212
valve,normal_id_00_00000064_.png,OK,0.9999837279319764
valve,normal_id_04_00000010_.png,OK,0.9999818801879884
valve,normal_id_04_00000058_.png,OK,0.999980330467224
valve,normal_id_02_00000023_.png,OK,0.9999784231185912
valve,anomaly_id_06_00000043_.png,NOK,0.999978005886078
valve,normal_id_00_00000005_.png,OK,0.999975085258484
valve,normal_id_04_00000036_.png,OK,0.9999719858169556
valve,normal_id_04_00000068_.png,OK,0.9999698400497437
valve,normal_id_00_00000022_.png,OK,0.9999679327011108
valve,normal_id_04_00000083_.png,OK,0.9999665021896362
valve,normal_id_04_00000056_.png,OK,0.999963402748108
valve,normal_id_00_00000095_.png,OK,0.99996155500412
valve,anomaly_id_02_00000112_.png,NOK,0.9999605417251588
valve,anomaly_id_02_00000006_.png,NOK,0.999958336353302
valve,anomaly_id_06_00000015_.png,NOK,0.9999423027038574
valve,anomaly_id_02_00000065_.png,NOK,0.9999402761459352
valve,anomaly_id_02_00000116_.png,NOK,0.999938189983368
valve,normal_id_06_00000059_.png,OK,0.9999361038208008
valve,normal_id_02_00000025_.png,OK,0.9999353885650636
valve,normal_id_04_00000090_.png,OK,0.9999268054962158
valve,normal_id_02_00000087_.png,OK,0.999917447566986
valve,normal_id_06_00000067_.png,OK,0.9999129772186279
valve,normal_id_02_00000014_.png,OK,0.9999022483825684
valve,normal_id_02_00000016_.png,OK,0.9998953342437744
valve,normal_id_00_00000003_.png,OK,0.9998671412467957
valve,normal_id_02_00000001_.png,OK,0.9998637437820436
valve,normal_id_02_00000052_.png,OK,0.9998604655265808
valve,anomaly_id_02_00000082_.png,NOK,0.9998544454574584
valve,normal_id_04_00000066_.png,OK,0.999853253364563
valve,anomaly_id_02_00000054_.png,NOK,0.9998347163200378
valve,anomaly_id_02_00000094_.png,NOK,0.9998123645782472
valve,anomaly_id_02_00000040_.png,NOK,0.9997957348823548
valve,anomaly_id_04_00000039_.png,NOK,0.9997926950454712
valve,anomaly_id_06_00000008_.png,NOK,0.9997806549072266
valve,anomaly_id_06_00000031_.png,NOK,0.9997013807296752
valve,normal_id_00_00000026_.png,OK,0.9996998310089112
valve,normal_id_02_00000059_.png,OK,0.9996947050094604
valve,normal_id_06_00000087_.png,OK,0.99965900182724
valve,normal_id_06_00000014_.png,OK,0.9996356964111328
valve,normal_id_00_00000085_.png,OK,0.9995684623718262
valve,normal_id_00_00000065_.png,OK,0.999565362930298
valve,normal_id_02_00000028_.png,OK,0.9995119571685792
valve,normal_id_00_00000008_.png,OK,0.9994914531707764
valve,anomaly_id_02_00000007_.png,NOK,0.9994913339614868
valve,anomaly_id_02_00000029_.png,NOK,0.9993462562561036
valve,anomaly_id_04_00000003_.png,NOK,0.999252200126648
valve,normal_id_04_00000004_.png,OK,0.9991726875305176
valve,normal_id_02_00000009_.png,OK,0.999101996421814
valve,normal_id_06_00000058_.png,OK,0.9990898370742798
valve,normal_id_02_00000080_.png,OK,0.9989925622940063
valve,anomaly_id_06_00000109_.png,NOK,0.9989173412322998
valve,anomaly_id_06_00000102_.png,NOK,0.9989041686058044
valve,normal_id_02_00000058_.png,OK,0.9985796213150024
valve,anomaly_id_06_00000108_.png,NOK,0.9984920024871826
valve,normal_id_02_00000034_.png,OK,0.9984503984451294
valve,normal_id_02_00000053_.png,OK,0.9984408617019652
valve,anomaly_id_06_00000073_.png,NOK,0.998123288154602
valve,anomaly_id_06_00000007_.png,NOK,0.9979557991027832
valve,anomaly_id_06_00000022_.png,NOK,0.9979292154312134
valve,normal_id_02_00000041_.png,OK,0.9978693723678588
valve,anomaly_id_02_00000078_.png,NOK,0.997502326965332
valve,anomaly_id_02_00000075_.png,NOK,0.9973584413528442
valve,anomaly_id_02_00000118_.png,NOK,0.9969711303710938
valve,anomaly_id_06_00000104_.png,NOK,0.9959709644317628
valve,anomaly_id_06_00000032_.png,NOK,0.9957306385040284
valve,anomaly_id_04_00000007_.png,NOK,0.9952137470245358
valve,anomaly_id_06_00000071_.png,NOK,0.9952107667922974
valve,anomaly_id_04_00000021_.png,NOK,0.9935051798820496
valve,anomaly_id_06_00000021_.png,NOK,0.9912588000297546
valve,anomaly_id_06_00000054_.png,NOK,0.9894025325775146
valve,anomaly_id_02_00000108_.png,NOK,0.9876328706741332
valve,anomaly_id_04_00000036_.png,NOK,0.9875353574752808
valve,anomaly_id_06_00000046_.png,NOK,0.9870669841766356
valve,anomaly_id_06_00000035_.png,NOK,0.9863685965538024
valve,anomaly_id_06_00000098_.png,NOK,0.985612154006958
valve,anomaly_id_04_00000072_.png,NOK,0.9844416379928588
valve,anomaly_id_06_00000018_.png,NOK,0.980249285697937
valve,anomaly_id_06_00000088_.png,NOK,0.9802423715591432
valve,anomaly_id_06_00000107_.png,NOK,0.9778844714164734
valve,anomaly_id_06_00000042_.png,NOK,0.9767966270446776
valve,anomaly_id_02_00000028_.png,NOK,0.9763904213905334
valve,anomaly_id_04_00000048_.png,NOK,0.9749425053596495
valve,anomaly_id_02_00000072_.png,NOK,0.9738112688064576
valve,anomaly_id_02_00000097_.png,NOK,0.9715088009834292
valve,anomaly_id_04_00000033_.png,NOK,0.9654312133789062
valve,anomaly_id_04_00000085_.png,NOK,0.9594967365264891
valve,anomaly_id_04_00000005_.png,NOK,0.9494870901107788
valve,anomaly_id_00_00000071_.png,NOK,0.9478379487991332
valve,anomaly_id_06_00000065_.png,NOK,0.9472484588623048
valve,anomaly_id_06_00000119_.png,NOK,0.941389262676239
valve,anomaly_id_04_00000001_.png,NOK,0.940974235534668
valve,anomaly_id_00_00000110_.png,NOK,0.9378947615623474
valve,anomaly_id_04_00000000_.png,NOK,0.9324166178703308
valve,anomaly_id_00_00000030_.png,NOK,0.9248147010803224
valve,anomaly_id_04_00000035_.png,NOK,0.9144943952560424
valve,anomaly_id_04_00000052_.png,NOK,0.9138038158416748
valve,anomaly_id_06_00000037_.png,OK,0.8833459615707397
valve,anomaly_id_06_00000063_.png,OK,0.8731724619865417
valve,anomaly_id_00_00000005_.png,OK,0.8652172088623047
valve,anomaly_id_04_00000011_.png,OK,0.8647757172584534
valve,anomaly_id_04_00000037_.png,OK,0.8515669703483582
valve,anomaly_id_00_00000004_.png,OK,0.847091794013977
valve,anomaly_id_00_00000045_.png,OK,0.8469825387001038
valve,anomaly_id_06_00000017_.png,OK,0.8363837003707886
valve,anomaly_id_06_00000084_.png,OK,0.8328048586845398
valve,anomaly_id_04_00000006_.png,OK,0.7934953570365906
valve,anomaly_id_00_00000017_.png,OK,0.6849070191383362
valve,anomaly_id_00_00000107_.png,OK,0.6669626235961914
valve,anomaly_id_00_00000076_.png,OK,0.6284699440002441
valve,anomaly_id_00_00000009_.png,OK,0.5534575581550598
valve,anomaly_id_00_00000051_.png,OK,0.5408042073249817
valve,anomaly_id_00_00000090_.png,OK,0.4670180082321167
valve,anomaly_id_04_00000015_.png,OK,0.4639977812767029
valve,anomaly_id_00_00000006_.png,OK,0.4121889770030975
valve,anomaly_id_00_00000056_.png,OK,0.3654240369796753
valve,anomaly_id_00_00000019_.png,OK,0.3618899285793304
valve,anomaly_id_04_00000075_.png,OK,0.3610207736492157
valve,anomaly_id_00_00000067_.png,OK,0.333186149597168
valve,anomaly_id_00_00000088_.png,OK,0.3319596648216248
valve,anomaly_id_00_00000069_.png,OK,0.2958903610706329
valve,anomaly_id_00_00000103_.png,OK,0.2880993485450745
valve,anomaly_id_00_00000023_.png,OK,0.2460196614265442
valve,anomaly_id_04_00000050_.png,OK,0.13739898800849915
slider,normal_id_04_00000013_.png,OK,0.9999984502792358
slider,normal_id_06_00000009_.png,OK,0.9999971389770508
slider,normal_id_04_00000065_.png,OK,0.9999954700469972
slider,normal_id_04_00000019_.png,OK,0.9999910593032836
slider,normal_id_06_00000035_.png,OK,0.9999882578849792
slider,normal_id_06_00000078_.png,OK,0.9999836683273317
slider,normal_id_04_00000076_.png,OK,0.9999799728393556
slider,normal_id_04_00000060_.png,OK,0.9999748468399048
slider,normal_id_04_00000014_.png,OK,0.9999743700027466
slider,normal_id_04_00000004_.png,OK,0.9999730587005616
slider,normal_id_04_00000007_.png,OK,0.9999727606773376
slider,normal_id_04_00000087_.png,OK,0.9999657869338988
slider,normal_id_02_00000097_.png,OK,0.9999631643295288
slider,normal_id_06_00000015_.png,OK,0.9999535083770752
slider,normal_id_04_00000083_.png,OK,0.9999499320983888
slider,normal_id_04_00000023_.png,OK,0.999927282333374
slider,normal_id_04_00000010_.png,OK,0.9999153017997742
slider,normal_id_04_00000039_.png,OK,0.99989652633667
slider,normal_id_06_00000018_.png,OK,0.9998947978019714
slider,normal_id_02_00000017_.png,OK,0.9998698234558104
slider,normal_id_02_00000078_.png,OK,0.9998205304145812
slider,normal_id_02_00000051_.png,OK,0.9997639656066896
slider,normal_id_06_00000054_.png,OK,0.9997303485870358
slider,normal_id_02_00000002_.png,OK,0.9997182488441468
slider,normal_id_04_00000043_.png,OK,0.9996683597564696
slider,normal_id_02_00000081_.png,OK,0.9996615648269652
slider,normal_id_02_00000067_.png,OK,0.9996131658554076
slider,normal_id_04_00000099_.png,OK,0.9996076822280884
slider,normal_id_04_00000089_.png,OK,0.9994790554046632
slider,normal_id_02_00000043_.png,OK,0.9994392395019532
slider,normal_id_02_00000068_.png,OK,0.9994250535964966
slider,normal_id_06_00000005_.png,OK,0.9993634223937988
slider,normal_id_06_00000052_.png,OK,0.9992140531539916
slider,normal_id_02_00000037_.png,OK,0.99918794631958
slider,normal_id_02_00000060_.png,OK,0.9991474747657776
slider,normal_id_02_00000046_.png,OK,0.9989644289016724
slider,normal_id_00_00000068_.png,OK,0.9989428520202636
slider,normal_id_02_00000029_.png,OK,0.9987573623657228
slider,normal_id_02_00000018_.png,OK,0.9987496733665466
slider,normal_id_04_00000044_.png,OK,0.9986441135406494
slider,normal_id_02_00000073_.png,OK,0.9986205101013184
slider,normal_id_00_00000030_.png,OK,0.9985970258712769
slider,normal_id_00_00000099_.png,OK,0.9985477924346924
slider,normal_id_06_00000053_.png,OK,0.998543918132782
slider,normal_id_02_00000019_.png,OK,0.9984736442565918
slider,normal_id_00_00000031_.png,OK,0.9983819723129272
slider,normal_id_02_00000039_.png,OK,0.998088836669922
slider,normal_id_02_00000075_.png,OK,0.9980769157409668
slider,normal_id_02_00000027_.png,OK,0.9979488849639891
slider,normal_id_00_00000097_.png,OK,0.9977551102638244
slider,normal_id_00_00000065_.png,OK,0.9976430535316468
slider,normal_id_06_00000064_.png,OK,0.9973713159561156
slider,normal_id_06_00000012_.png,OK,0.9972678422927856
slider,normal_id_02_00000094_.png,OK,0.9972026348114014
slider,normal_id_04_00000074_.png,OK,0.9969903230667114
slider,normal_id_06_00000048_.png,OK,0.996984839439392
slider,normal_id_02_00000066_.png,OK,0.9969011545181274
slider,normal_id_06_00000047_.png,OK,0.9967632293701172
slider,anomaly_id_04_00000060_.png,NOK,0.9966646432876588
slider,normal_id_02_00000020_.png,OK,0.9964144229888916
slider,normal_id_02_00000070_.png,OK,0.9963597059249878
slider,normal_id_06_00000073_.png,OK,0.99593985080719
slider,normal_id_00_00000052_.png,OK,0.995895504951477
slider,normal_id_06_00000031_.png,OK,0.9952712059020996
slider,normal_id_00_00000015_.png,OK,0.9949178099632264
slider,normal_id_02_00000007_.png,OK,0.994869351387024
slider,normal_id_00_00000034_.png,OK,0.9948577880859376
slider,normal_id_06_00000096_.png,OK,0.994540810585022
slider,normal_id_00_00000055_.png,OK,0.9940975904464722
slider,normal_id_00_00000027_.png,OK,0.993860363960266
slider,normal_id_00_00000046_.png,OK,0.9937647581100464
slider,normal_id_00_00000003_.png,OK,0.9917422533035278
slider,normal_id_02_00000049_.png,OK,0.9899348020553588
slider,normal_id_04_00000016_.png,OK,0.9876859188079834
slider,normal_id_06_00000097_.png,OK,0.98688942193985
slider,anomaly_id_02_00000078_.png,NOK,0.9836734533309937
slider,anomaly_id_04_00000116_.png,NOK,0.9833792448043824
slider,anomaly_id_02_00000115_.png,NOK,0.9824862480163574
slider,normal_id_04_00000063_.png,OK,0.9821556806564332
slider,anomaly_id_02_00000257_.png,NOK,0.9820581674575806
slider,normal_id_06_00000032_.png,OK,0.9815089106559752
slider,normal_id_00_00000067_.png,OK,0.9793528318405152
slider,anomaly_id_02_00000198_.png,NOK,0.9735078811645508
slider,normal_id_06_00000024_.png,OK,0.9719741344451904
slider,normal_id_00_00000013_.png,OK,0.9676644206047058
slider,normal_id_00_00000069_.png,OK,0.9656015634536744
slider,normal_id_04_00000098_.png,OK,0.9577916264533995
slider,normal_id_00_00000018_.png,OK,0.921817183494568
slider,normal_id_00_00000085_.png,OK,0.9063974618911744
slider,normal_id_06_00000085_.png,OK,0.9017794132232666
slider,anomaly_id_00_00000041_.png,OK,0.8594350814819336
slider,anomaly_id_04_00000049_.png,OK,0.8522667884826659
slider,anomaly_id_04_00000106_.png,OK,0.8516417741775513
slider,anomaly_id_04_00000115_.png,OK,0.8373426198959351
slider,anomaly_id_04_00000114_.png,OK,0.8003547191619873
slider,anomaly_id_02_00000103_.png,OK,0.765257716178894
slider,anomaly_id_04_00000035_.png,OK,0.7501022815704346
slider,anomaly_id_04_00000025_.png,OK,0.7365751266479492
slider,anomaly_id_04_00000061_.png,OK,0.6828498244285583
slider,anomaly_id_04_00000171_.png,OK,0.6204546689987183
slider,anomaly_id_04_00000059_.png,OK,0.6004545092582703
slider,anomaly_id_02_00000156_.png,OK,0.5529447793960571
slider,anomaly_id_04_00000028_.png,OK,0.5246215462684631
slider,anomaly_id_04_00000029_.png,OK,0.4235298335552216
slider,anomaly_id_04_00000107_.png,OK,0.4035651683807373
slider,anomaly_id_00_00000127_.png,OK,0.3935564160346985
slider,anomaly_id_04_00000048_.png,OK,0.330134391784668
slider,anomaly_id_04_00000131_.png,OK,0.29746797680854803
slider,anomaly_id_02_00000174_.png,OK,0.2845643758773804
slider,anomaly_id_04_00000133_.png,OK,0.26559886336326605
slider,anomaly_id_04_00000160_.png,OK,0.236147940158844
slider,anomaly_id_04_00000100_.png,OK,0.2160356342792511
slider,anomaly_id_00_00000136_.png,OK,0.19947680830955505
slider,anomaly_id_04_00000075_.png,OK,0.16441497206687927
slider,anomaly_id_00_00000265_.png,OK,0.13847681879997253
slider,anomaly_id_04_00000009_.png,OK,0.12690386176109314
slider,anomaly_id_04_00000004_.png,OK,0.11526301503181458
slider,anomaly_id_00_00000183_.png,OK,0.11263865232467653
slider,anomaly_id_02_00000217_.png,OK,0.11244159936904907
slider,anomaly_id_00_00000090_.png,OK,0.09564122557640076
slider,anomaly_id_00_00000034_.png,OK,0.09413695335388184
slider,anomaly_id_00_00000315_.png,OK,0.07619595527648926
slider,anomaly_id_02_00000227_.png,OK,0.07224366068840027
slider,anomaly_id_02_00000091_.png,OK,0.06362515687942505
slider,anomaly_id_02_00000184_.png,OK,0.05669668316841125
slider,anomaly_id_02_00000164_.png,OK,0.048367351293563836
slider,anomaly_id_00_00000297_.png,OK,0.04820540547370911
slider,anomaly_id_04_00000079_.png,OK,0.04388457536697389
slider,anomaly_id_02_00000240_.png,OK,0.0393061637878418
slider,anomaly_id_00_00000252_.png,OK,0.022844433784484863
slider,anomaly_id_00_00000165_.png,OK,0.02147328853607177
slider,anomaly_id_00_00000225_.png,OK,0.01951134204864502
slider,anomaly_id_02_00000097_.png,OK,0.016059279441833496
slider,anomaly_id_02_00000204_.png,OK,0.015125423669815062
slider,anomaly_id_00_00000064_.png,OK,0.013504475355148315
slider,anomaly_id_02_00000046_.png,OK,0.012690693140029907
slider,anomaly_id_00_00000260_.png,OK,0.01086476445198059
slider,anomaly_id_06_00000044_.png,OK,0.009675741195678713
slider,anomaly_id_00_00000152_.png,OK,0.0061291158199310285
slider,anomaly_id_02_00000094_.png,OK,0.006033986806869507
slider,anomaly_id_00_00000030_.png,OK,0.005936115980148314
slider,anomaly_id_04_00000041_.png,OK,0.0054163038730621355
slider,anomaly_id_02_00000210_.png,OK,0.0048620402812957755
slider,anomaly_id_02_00000209_.png,OK,0.004810452461242676
slider,anomaly_id_02_00000237_.png,OK,0.004569202661514282
slider,anomaly_id_00_00000171_.png,OK,0.0044530630111694345
slider,anomaly_id_02_00000154_.png,OK,0.004037320613861084
slider,anomaly_id_06_00000075_.png,OK,0.003765583038330078
slider,anomaly_id_02_00000017_.png,OK,0.0037043392658233643
slider,anomaly_id_02_00000265_.png,OK,0.0030219852924346924
slider,anomaly_id_02_00000009_.png,OK,0.0030016303062438965
slider,anomaly_id_00_00000104_.png,OK,0.0024407804012298584
slider,anomaly_id_00_00000280_.png,OK,0.0021097660064697266
slider,anomaly_id_00_00000303_.png,OK,0.0020762383937835693
slider,anomaly_id_00_00000354_.png,OK,0.0016956031322479248
slider,anomaly_id_00_00000067_.png,OK,0.0015791654586791992
slider,anomaly_id_02_00000054_.png,OK,0.001452416181564331
slider,anomaly_id_06_00000065_.png,OK,0.0012772977352142336
slider,anomaly_id_00_00000190_.png,OK,0.0009646415710449221
slider,anomaly_id_02_00000015_.png,OK,0.0008966326713562012
slider,anomaly_id_02_00000130_.png,OK,0.0007842779159545897
slider,anomaly_id_06_00000011_.png,OK,0.000428229570388794
slider,anomaly_id_00_00000211_.png,OK,0.0004040896892547608
slider,anomaly_id_00_00000177_.png,OK,0.0003941953182220459
slider,anomaly_id_00_00000224_.png,OK,0.000337064266204834
slider,anomaly_id_00_00000052_.png,OK,0.00033247470855712885
slider,anomaly_id_00_00000334_.png,OK,0.00017440319061279297
slider,anomaly_id_02_00000055_.png,OK,0.00016120076179504397
slider,anomaly_id_00_00000203_.png,OK,9.616556053515524e-05
slider,anomaly_id_00_00000282_.png,OK,6.32343435427174e-05
slider,anomaly_id_00_00000352_.png,OK,3.644864045782015e-05
slider,anomaly_id_00_00000179_.png,OK,3.0290066206362102e-05
slider,anomaly_id_00_00000124_.png,OK,2.763887277978938e-05
slider,anomaly_id_00_00000092_.png,OK,1.9361419617780484e-05
slider,anomaly_id_02_00000152_.png,OK,1.3204562492319384e-05
slider,anomaly_id_00_00000310_.png,OK,2.2655390239378903e-06
slider,anomaly_id_00_00000308_.png,OK,1.0104751027029124e-06
slider,anomaly_id_00_00000272_.png,OK,7.595664897053211e-07
slider,anomaly_id_00_00000063_.png,OK,7.577352789667202e-07
slider,anomaly_id_00_00000017_.png,OK,6.372536631715775e-07
pump,anomaly_id_02_00000032_.png,NOK,1.0
pump,anomaly_id_04_00000007_.png,NOK,1.0
pump,anomaly_id_04_00000011_.png,NOK,1.0
pump,anomaly_id_00_00000007_.png,NOK,1.0
pump,normal_id_04_00000003_.png,OK,1.0
pump,anomaly_id_04_00000034_.png,NOK,1.0
pump,normal_id_00_00000054_.png,OK,1.0
pump,normal_id_06_00000017_.png,OK,1.0
pump,normal_id_00_00000023_.png,OK,1.0
pump,normal_id_02_00000083_.png,OK,1.0
pump,normal_id_06_00000056_.png,OK,1.0
pump,anomaly_id_00_00000055_.png,NOK,1.0
pump,normal_id_04_00000058_.png,OK,1.0
pump,normal_id_06_00000001_.png,OK,1.0
pump,normal_id_06_00000053_.png,OK,1.0
pump,normal_id_04_00000074_.png,OK,1.0
pump,normal_id_02_00000017_.png,OK,1.0
pump,normal_id_02_00000001_.png,OK,1.0
pump,normal_id_00_00000095_.png,OK,1.0
pump,normal_id_00_00000030_.png,OK,1.0
pump,normal_id_02_00000069_.png,OK,1.0
pump,normal_id_04_00000034_.png,OK,1.0
pump,normal_id_02_00000057_.png,OK,1.0
pump,normal_id_04_00000075_.png,OK,1.0
pump,anomaly_id_02_00000099_.png,NOK,1.0
pump,normal_id_04_00000094_.png,OK,1.0
pump,normal_id_06_00000022_.png,OK,1.0
pump,normal_id_02_00000041_.png,OK,1.0
pump,normal_id_04_00000067_.png,OK,1.0
pump,normal_id_06_00000039_.png,OK,1.0
pump,anomaly_id_04_00000000_.png,NOK,1.0
pump,normal_id_04_00000099_.png,OK,1.0
pump,normal_id_02_00000015_.png,OK,1.0
pump,anomaly_id_02_00000075_.png,NOK,1.0
pump,normal_id_04_00000076_.png,OK,1.0
pump,normal_id_06_00000078_.png,OK,1.0
pump,normal_id_06_00000097_.png,OK,1.0
pump,normal_id_04_00000040_.png,OK,1.0
pump,normal_id_04_00000021_.png,OK,1.0
pump,normal_id_02_00000074_.png,OK,1.0
pump,normal_id_02_00000078_.png,OK,1.0
pump,normal_id_00_00000099_.png,OK,1.0
pump,normal_id_02_00000096_.png,OK,1.0
pump,normal_id_00_00000061_.png,OK,1.0
pump,normal_id_04_00000001_.png,OK,1.0
pump,normal_id_06_00000080_.png,OK,1.0
pump,normal_id_04_00000095_.png,OK,1.0
pump,normal_id_06_00000018_.png,OK,1.0
pump,normal_id_04_00000041_.png,OK,1.0
pump,normal_id_02_00000092_.png,OK,1.0
pump,anomaly_id_04_00000076_.png,NOK,1.0
pump,normal_id_06_00000086_.png,OK,1.0
pump,normal_id_00_00000018_.png,OK,1.0
pump,anomaly_id_04_00000055_.png,NOK,1.0
pump,anomaly_id_04_00000093_.png,NOK,1.0
pump,normal_id_06_00000009_.png,OK,1.0
pump,normal_id_02_00000027_.png,OK,1.0
pump,anomaly_id_06_00000069_.png,NOK,1.0
pump,normal_id_00_00000029_.png,OK,1.0
pump,normal_id_02_00000066_.png,OK,1.0
pump,anomaly_id_04_00000092_.png,NOK,1.0
pump,normal_id_00_00000044_.png,OK,1.0
pump,anomaly_id_00_00000047_.png,NOK,1.0
pump,normal_id_04_00000086_.png,OK,1.0
pump,normal_id_04_00000090_.png,OK,1.0
pump,normal_id_02_00000087_.png,OK,1.0
pump,normal_id_02_00000088_.png,OK,1.0
pump,anomaly_id_04_00000072_.png,NOK,1.0
pump,normal_id_00_00000028_.png,OK,1.0
pump,normal_id_06_00000005_.png,OK,1.0
pump,normal_id_06_00000084_.png,OK,1.0
pump,normal_id_02_00000044_.png,OK,1.0
pump,normal_id_04_00000065_.png,OK,1.0
pump,normal_id_06_00000091_.png,OK,1.0
pump,anomaly_id_04_00000010_.png,NOK,1.0
pump,normal_id_04_00000024_.png,OK,1.0
pump,normal_id_02_00000047_.png,OK,1.0
pump,normal_id_04_00000008_.png,OK,1.0
pump,normal_id_02_00000005_.png,OK,1.0
pump,anomaly_id_04_00000024_.png,NOK,1.0
pump,normal_id_02_00000048_.png,OK,1.0
pump,normal_id_04_00000002_.png,OK,1.0
pump,anomaly_id_06_00000095_.png,NOK,1.0
pump,normal_id_00_00000022_.png,OK,1.0
pump,normal_id_02_00000008_.png,OK,1.0
pump,anomaly_id_04_00000097_.png,NOK,1.0
pump,anomaly_id_02_00000083_.png,NOK,1.0
pump,anomaly_id_06_00000052_.png,NOK,1.0
pump,normal_id_00_00000047_.png,OK,1.0
pump,normal_id_04_00000079_.png,OK,1.0
pump,normal_id_02_00000036_.png,OK,1.0
pump,normal_id_04_00000010_.png,OK,1.0
pump,normal_id_04_00000043_.png,OK,1.0
pump,normal_id_06_00000019_.png,OK,1.0
pump,anomaly_id_02_00000100_.png,NOK,1.0
pump,normal_id_04_00000046_.png,OK,1.0
pump,normal_id_04_00000072_.png,OK,1.0
pump,normal_id_02_00000046_.png,OK,1.0
pump,normal_id_04_00000025_.png,OK,1.0
pump,anomaly_id_04_00000082_.png,NOK,0.9999998211860656
pump,normal_id_06_00000081_.png,OK,0.9999998211860656
pump,normal_id_06_00000042_.png,OK,0.9999997615814208
pump,normal_id_00_00000017_.png,OK,0.9999997615814208
pump,normal_id_00_00000074_.png,OK,0.9999997615814208
pump,anomaly_id_04_00000014_.png,NOK,0.9999997615814208
pump,normal_id_00_00000026_.png,OK,0.9999996423721312
pump,anomaly_id_00_00000068_.png,NOK,0.9999995231628418
pump,anomaly_id_02_00000055_.png,NOK,0.9999994039535522
pump,anomaly_id_02_00000004_.png,NOK,0.9999994039535522
pump,anomaly_id_04_00000071_.png,NOK,0.9999993443489076
pump,anomaly_id_06_00000036_.png,NOK,0.9999992251396179
pump,anomaly_id_04_00000086_.png,NOK,0.999999225139618
pump,anomaly_id_00_00000142_.png,NOK,0.9999990463256836
pump,normal_id_00_00000020_.png,OK,0.9999988079071044
pump,normal_id_06_00000016_.png,OK,0.9999988079071044
pump,anomaly_id_04_00000017_.png,NOK,0.9999987483024596
pump,anomaly_id_06_00000038_.png,NOK,0.9999986886978148
pump,normal_id_04_00000020_.png,OK,0.9999986290931702
pump,anomaly_id_02_00000046_.png,NOK,0.9999983310699464
pump,anomaly_id_02_00000059_.png,NOK,0.9999983310699464
pump,anomaly_id_06_00000019_.png,NOK,0.9999982714653016
pump,anomaly_id_02_00000014_.png,NOK,0.9999979734420776
pump,normal_id_00_00000043_.png,OK,0.9999973177909852
pump,normal_id_00_00000078_.png,OK,0.9999972581863404
pump,anomaly_id_04_00000099_.png,NOK,0.9999971389770508
pump,normal_id_06_00000041_.png,OK,0.9999970197677612
pump,anomaly_id_04_00000029_.png,NOK,0.9999964833259584
pump,anomaly_id_00_00000026_.png,NOK,0.999995231628418
pump,normal_id_00_00000084_.png,OK,0.9999949932098388
pump,anomaly_id_02_00000021_.png,NOK,0.9999948740005492
pump,anomaly_id_06_00000021_.png,NOK,0.9999947547912598
pump,anomaly_id_02_00000015_.png,NOK,0.9999943375587464
pump,anomaly_id_02_00000030_.png,NOK,0.9999932646751404
pump,anomaly_id_02_00000031_.png,NOK,0.999989926815033
pump,anomaly_id_02_00000028_.png,NOK,0.9999896883964542
pump,normal_id_00_00000048_.png,OK,0.9999895691871644
pump,anomaly_id_04_00000023_.png,NOK,0.9999884366989136
pump,anomaly_id_02_00000047_.png,NOK,0.9999851584434508
pump,anomaly_id_00_00000035_.png,NOK,0.9999829530715942
pump,anomaly_id_00_00000095_.png,NOK,0.9999820590019226
pump,anomaly_id_02_00000067_.png,NOK,0.9999796152114868
pump,anomaly_id_06_00000074_.png,NOK,0.99997878074646
pump,anomaly_id_00_00000094_.png,NOK,0.9999786615371704
pump,anomaly_id_00_00000092_.png,NOK,0.9999769926071168
pump,normal_id_00_00000041_.png,OK,0.9999746084213256
pump,anomaly_id_06_00000056_.png,NOK,0.999968647956848
pump,anomaly_id_06_00000062_.png,NOK,0.9999655485153198
pump,anomaly_id_00_00000113_.png,NOK,0.9999160766601562
pump,anomaly_id_02_00000037_.png,NOK,0.999903678894043
pump,anomaly_id_00_00000000_.png,NOK,0.9998921155929564
pump,anomaly_id_00_00000006_.png,NOK,0.9998849630355836
pump,anomaly_id_00_00000029_.png,NOK,0.9998540878295898
pump,anomaly_id_04_00000050_.png,NOK,0.9998475313186646
pump,anomaly_id_02_00000094_.png,NOK,0.9998351335525512
pump,anomaly_id_04_00000033_.png,NOK,0.9998288154602052
pump,anomaly_id_06_00000004_.png,NOK,0.9998053312301636
pump,anomaly_id_00_00000089_.png,NOK,0.9997795820236206
pump,anomaly_id_00_00000080_.png,NOK,0.9997511506080629
pump,anomaly_id_00_00000121_.png,NOK,0.9997211694717408
pump,anomaly_id_04_00000037_.png,NOK,0.9996817111968994
pump,anomaly_id_06_00000027_.png,NOK,0.9996477365493774
pump,anomaly_id_00_00000004_.png,NOK,0.9993958473205566
pump,anomaly_id_00_00000037_.png,NOK,0.9993780851364136
pump,anomaly_id_04_00000084_.png,NOK,0.9991700649261476
pump,anomaly_id_06_00000086_.png,NOK,0.9985384941101074
pump,anomaly_id_02_00000070_.png,NOK,0.9984794855117798
pump,anomaly_id_00_00000021_.png,NOK,0.9983342885971068
pump,anomaly_id_06_00000092_.png,NOK,0.9983121156692504
pump,anomaly_id_06_00000084_.png,NOK,0.997371792793274
pump,anomaly_id_00_00000102_.png,NOK,0.9959663152694702
pump,anomaly_id_06_00000096_.png,NOK,0.9947538375854492
pump,anomaly_id_00_00000073_.png,NOK,0.9935141801834106
pump,anomaly_id_06_00000078_.png,NOK,0.9909989833831788
pump,anomaly_id_00_00000036_.png,NOK,0.9904624223709106
pump,anomaly_id_06_00000097_.png,NOK,0.989243745803833
pump,anomaly_id_00_00000054_.png,NOK,0.9843571186065674
pump,anomaly_id_00_00000046_.png,NOK,0.9838792085647584
pump,anomaly_id_06_00000054_.png,NOK,0.9798566102981568
pump,anomaly_id_06_00000009_.png,NOK,0.9556165933609008
pump,anomaly_id_00_00000108_.png,NOK,0.9545311331748962
pump,anomaly_id_00_00000079_.png,OK,0.8781285881996155
pump,anomaly_id_00_00000132_.png,OK,0.8494120836257935
pump,anomaly_id_00_00000051_.png,OK,0.6800217032432556
pump,anomaly_id_00_00000087_.png,OK,0.6223103404045105
ToyCar,normal_id_02_00000180_.png,OK,1.0
ToyCar,normal_id_02_00000056_.png,OK,1.0
ToyCar,normal_id_01_00000325_.png,OK,1.0
ToyCar,normal_id_01_00000149_.png,OK,1.0
ToyCar,normal_id_02_00000133_.png,OK,1.0
ToyCar,anomaly_id_01_00000241_.png,NOK,1.0
ToyCar,normal_id_03_00000014_.png,OK,1.0
ToyCar,normal_id_01_00000233_.png,OK,1.0
ToyCar,normal_id_01_00000295_.png,OK,1.0
ToyCar,normal_id_02_00000199_.png,OK,1.0
ToyCar,normal_id_03_00000123_.png,OK,1.0
ToyCar,normal_id_02_00000282_.png,OK,1.0
ToyCar,normal_id_04_00000170_.png,OK,1.0
ToyCar,normal_id_04_00000055_.png,OK,1.0
ToyCar,normal_id_01_00000217_.png,OK,1.0
ToyCar,normal_id_01_00000168_.png,OK,1.0
ToyCar,normal_id_02_00000016_.png,OK,1.0
ToyCar,normal_id_04_00000302_.png,OK,1.0
ToyCar,normal_id_02_00000048_.png,OK,1.0
ToyCar,normal_id_04_00000235_.png,OK,1.0
ToyCar,normal_id_02_00000082_.png,OK,1.0
ToyCar,normal_id_01_00000099_.png,OK,1.0
ToyCar,normal_id_04_00000254_.png,OK,1.0
ToyCar,normal_id_04_00000307_.png,OK,1.0
ToyCar,normal_id_04_00000190_.png,OK,1.0
ToyCar,normal_id_02_00000235_.png,OK,1.0
ToyCar,normal_id_02_00000024_.png,OK,1.0
ToyCar,normal_id_03_00000129_.png,OK,1.0
ToyCar,normal_id_03_00000186_.png,OK,1.0
ToyCar,normal_id_01_00000171_.png,OK,1.0
ToyCar,normal_id_02_00000045_.png,OK,1.0
ToyCar,normal_id_02_00000252_.png,OK,1.0
ToyCar,normal_id_03_00000283_.png,OK,1.0
ToyCar,normal_id_03_00000165_.png,OK,1.0
ToyCar,normal_id_02_00000111_.png,OK,1.0
ToyCar,normal_id_02_00000003_.png,OK,1.0
ToyCar,normal_id_04_00000060_.png,OK,1.0
ToyCar,normal_id_04_00000164_.png,OK,1.0
ToyCar,normal_id_01_00000044_.png,OK,1.0
ToyCar,normal_id_01_00000281_.png,OK,1.0
ToyCar,normal_id_02_00000185_.png,OK,1.0
ToyCar,normal_id_01_00000111_.png,OK,1.0
ToyCar,normal_id_01_00000054_.png,OK,1.0
ToyCar,normal_id_03_00000277_.png,OK,1.0
ToyCar,normal_id_02_00000049_.png,OK,1.0
ToyCar,normal_id_01_00000078_.png,OK,1.0
ToyCar,normal_id_03_00000113_.png,OK,1.0
ToyCar,anomaly_id_03_00000165_.png,NOK,1.0
ToyCar,normal_id_04_00000169_.png,OK,1.0
ToyCar,normal_id_04_00000110_.png,OK,1.0
ToyCar,normal_id_03_00000171_.png,OK,1.0
ToyCar,normal_id_02_00000007_.png,OK,1.0
ToyCar,normal_id_02_00000206_.png,OK,1.0
ToyCar,normal_id_04_00000087_.png,OK,1.0
ToyCar,normal_id_02_00000175_.png,OK,1.0
ToyCar,normal_id_02_00000066_.png,OK,1.0
ToyCar,normal_id_02_00000122_.png,OK,1.0
ToyCar,normal_id_04_00000230_.png,OK,1.0
ToyCar,normal_id_03_00000287_.png,OK,1.0
ToyCar,normal_id_04_00000065_.png,OK,1.0
ToyCar,normal_id_03_00000270_.png,OK,1.0
ToyCar,normal_id_04_00000208_.png,OK,1.0
ToyCar,normal_id_02_00000044_.png,OK,1.0
ToyCar,normal_id_01_00000220_.png,OK,1.0
ToyCar,normal_id_04_00000161_.png,OK,1.0
ToyCar,normal_id_04_00000135_.png,OK,1.0
ToyCar,normal_id_02_00000302_.png,OK,1.0
ToyCar,normal_id_02_00000342_.png,OK,1.0
ToyCar,normal_id_01_00000046_.png,OK,1.0
ToyCar,normal_id_02_00000009_.png,OK,1.0
ToyCar,normal_id_04_00000160_.png,OK,0.9999998807907104
ToyCar,anomaly_id_02_00000232_.png,NOK,0.9999998807907104
ToyCar,anomaly_id_02_00000067_.png,NOK,0.9999998211860656
ToyCar,normal_id_03_00000179_.png,OK,0.9999997615814208
ToyCar,anomaly_id_03_00000065_.png,NOK,0.9999997615814208
ToyCar,anomaly_id_02_00000156_.png,NOK,0.9999997615814208
ToyCar,normal_id_01_00000234_.png,OK,0.9999997615814208
ToyCar,anomaly_id_04_00000189_.png,NOK,0.9999997615814208
ToyCar,normal_id_04_00000316_.png,OK,0.9999997615814208
ToyCar,normal_id_02_00000251_.png,OK,0.9999997615814208
ToyCar,normal_id_02_00000014_.png,OK,0.9999997019767758
ToyCar,normal_id_04_00000223_.png,OK,0.9999996423721312
ToyCar,normal_id_02_00000008_.png,OK,0.9999996423721312
ToyCar,normal_id_01_00000296_.png,OK,0.9999996423721312
ToyCar,normal_id_03_00000138_.png,OK,0.9999996423721312
ToyCar,anomaly_id_04_00000175_.png,NOK,0.9999995231628418
ToyCar,normal_id_04_00000295_.png,OK,0.9999994039535522
ToyCar,normal_id_04_00000341_.png,OK,0.9999994039535522
ToyCar,normal_id_04_00000211_.png,OK,0.9999992847442628
ToyCar,normal_id_03_00000187_.png,OK,0.9999992847442628
ToyCar,anomaly_id_02_00000088_.png,NOK,0.9999990463256836
ToyCar,normal_id_01_00000012_.png,OK,0.9999990463256836
ToyCar,normal_id_03_00000318_.png,OK,0.9999988079071044
ToyCar,normal_id_01_00000087_.png,OK,0.9999986290931702
ToyCar,normal_id_03_00000067_.png,OK,0.9999985694885254
ToyCar,normal_id_03_00000275_.png,OK,0.9999983906745912
ToyCar,anomaly_id_03_00000048_.png,NOK,0.9999983310699464
ToyCar,normal_id_03_00000031_.png,OK,0.9999976158142092
ToyCar,normal_id_02_00000076_.png,OK,0.9999974966049194
ToyCar,normal_id_04_00000273_.png,OK,0.99999737739563
ToyCar,normal_id_01_00000016_.png,OK,0.99999737739563
ToyCar,anomaly_id_01_00000090_.png,NOK,0.9999971985816956
ToyCar,anomaly_id_02_00000239_.png,NOK,0.999996304512024
ToyCar,anomaly_id_02_00000068_.png,NOK,0.9999959468841552
ToyCar,anomaly_id_02_00000041_.png,NOK,0.9999958872795104
ToyCar,normal_id_01_00000192_.png,OK,0.9999942779541016
ToyCar,anomaly_id_03_00000229_.png,NOK,0.999989926815033
ToyCar,anomaly_id_02_00000029_.png,NOK,0.9999892115592957
ToyCar,anomaly_id_03_00000025_.png,NOK,0.999986171722412
ToyCar,anomaly_id_04_00000113_.png,NOK,0.9999858140945436
ToyCar,anomaly_id_02_00000119_.png,NOK,0.9999855160713196
ToyCar,anomaly_id_01_00000249_.png,NOK,0.9999830722808838
ToyCar,anomaly_id_03_00000094_.png,NOK,0.9999828338623048
ToyCar,anomaly_id_03_00000077_.png,NOK,0.9999785423278807
ToyCar,normal_id_03_00000291_.png,OK,0.9999583959579468
ToyCar,anomaly_id_01_00000092_.png,NOK,0.9999549388885498
ToyCar,normal_id_04_00000248_.png,OK,0.9999366998672484
ToyCar,anomaly_id_03_00000175_.png,NOK,0.9999134540557858
ToyCar,anomaly_id_02_00000255_.png,NOK,0.9999098181724548
ToyCar,anomaly_id_01_00000150_.png,NOK,0.9998962879180908
ToyCar,anomaly_id_04_00000115_.png,NOK,0.9998795390129088
ToyCar,normal_id_02_00000087_.png,OK,0.9998791813850404
ToyCar,anomaly_id_02_00000011_.png,NOK,0.9998725652694702
ToyCar,anomaly_id_03_00000104_.png,NOK,0.9998612403869628
ToyCar,anomaly_id_02_00000109_.png,NOK,0.9998598098754884
ToyCar,anomaly_id_03_00000208_.png,NOK,0.9998496770858764
ToyCar,anomaly_id_04_00000097_.png,NOK,0.9998326301574708
ToyCar,anomaly_id_02_00000111_.png,NOK,0.9998291134834292
ToyCar,normal_id_03_00000319_.png,OK,0.9997760653495787
ToyCar,anomaly_id_03_00000195_.png,NOK,0.9997589588165284
ToyCar,anomaly_id_01_00000103_.png,NOK,0.9997366666793824
ToyCar,anomaly_id_03_00000216_.png,NOK,0.9997283220291138
ToyCar,anomaly_id_01_00000074_.png,NOK,0.9996713399887084
ToyCar,anomaly_id_01_00000155_.png,NOK,0.9996031522750854
ToyCar,anomaly_id_02_00000135_.png,NOK,0.9995822906494141
ToyCar,anomaly_id_03_00000092_.png,NOK,0.9995593428611756
ToyCar,anomaly_id_04_00000197_.png,NOK,0.9995265007019044
ToyCar,anomaly_id_04_00000217_.png,NOK,0.9994834661483764
ToyCar,anomaly_id_01_00000161_.png,NOK,0.9994449615478516
ToyCar,anomaly_id_02_00000213_.png,NOK,0.999392867088318
ToyCar,anomaly_id_03_00000263_.png,NOK,0.9993561506271362
ToyCar,anomaly_id_03_00000252_.png,NOK,0.9991073012351992
ToyCar,anomaly_id_03_00000034_.png,NOK,0.9990243911743164
ToyCar,anomaly_id_04_00000103_.png,NOK,0.9990207552909852
ToyCar,anomaly_id_04_00000114_.png,NOK,0.9990013837814332
ToyCar,normal_id_01_00000022_.png,OK,0.9989970326423644
ToyCar,anomaly_id_02_00000236_.png,NOK,0.9989118576049804
ToyCar,anomaly_id_03_00000118_.png,NOK,0.9989010095596312
ToyCar,anomaly_id_01_00000207_.png,NOK,0.9988820552825928
ToyCar,anomaly_id_01_00000193_.png,NOK,0.9986473321914672
ToyCar,anomaly_id_02_00000051_.png,NOK,0.9983174800872804
ToyCar,anomaly_id_01_00000170_.png,NOK,0.998237371444702
ToyCar,anomaly_id_01_00000149_.png,NOK,0.9981380701065063
ToyCar,anomaly_id_01_00000111_.png,NOK,0.9980064630508424
ToyCar,anomaly_id_01_00000237_.png,NOK,0.9978665709495544
ToyCar,anomaly_id_01_00000128_.png,NOK,0.9978622794151306
ToyCar,anomaly_id_04_00000148_.png,NOK,0.9977185726165771
ToyCar,anomaly_id_01_00000218_.png,NOK,0.9973926544189452
ToyCar,anomaly_id_02_00000001_.png,NOK,0.9973292946815492
ToyCar,anomaly_id_02_00000237_.png,NOK,0.9972826838493348
ToyCar,anomaly_id_02_00000219_.png,NOK,0.9968039989471436
ToyCar,anomaly_id_04_00000099_.png,NOK,0.9967564344406128
ToyCar,anomaly_id_01_00000157_.png,NOK,0.9967012405395508
ToyCar,anomaly_id_02_00000055_.png,NOK,0.9962643384933472
ToyCar,anomaly_id_03_00000240_.png,NOK,0.9960354566574096
ToyCar,anomaly_id_03_00000176_.png,NOK,0.9959195852279664
ToyCar,anomaly_id_02_00000235_.png,NOK,0.9957023859024048
ToyCar,anomaly_id_02_00000026_.png,NOK,0.9952214360237122
ToyCar,anomaly_id_04_00000077_.png,NOK,0.9951777458190918
ToyCar,anomaly_id_02_00000184_.png,NOK,0.9951470494270324
ToyCar,anomaly_id_01_00000122_.png,NOK,0.9943875670433044
ToyCar,anomaly_id_01_00000081_.png,NOK,0.994038701057434
ToyCar,anomaly_id_04_00000072_.png,NOK,0.993502914905548
ToyCar,anomaly_id_03_00000067_.png,NOK,0.9888426065444946
ToyCar,anomaly_id_02_00000189_.png,NOK,0.9886891841888428
ToyCar,anomaly_id_04_00000073_.png,NOK,0.9870487451553344
ToyCar,anomaly_id_01_00000065_.png,NOK,0.986314296722412
ToyCar,anomaly_id_03_00000212_.png,NOK,0.9856717586517334
ToyCar,anomaly_id_01_00000008_.png,NOK,0.983488917350769
ToyCar,anomaly_id_02_00000193_.png,NOK,0.9797370433807372
ToyCar,anomaly_id_04_00000006_.png,NOK,0.9793684482574464
ToyCar,anomaly_id_04_00000245_.png,NOK,0.9752719402313232
ToyCar,anomaly_id_04_00000013_.png,NOK,0.9705305695533752
ToyCar,anomaly_id_02_00000078_.png,NOK,0.9696910977363586
ToyCar,anomaly_id_04_00000034_.png,NOK,0.9625521898269652
ToyCar,anomaly_id_02_00000038_.png,NOK,0.937376856803894
ToyCar,anomaly_id_04_00000085_.png,NOK,0.9002946615219116
ToyCar,anomaly_id_02_00000018_.png,OK,0.878205418586731
ToyCar,anomaly_id_03_00000055_.png,OK,0.8486064672470093
ToyCar,normal_id_01_00000301_.png,NOK,0.8167064785957336
ToyCar,anomaly_id_03_00000112_.png,OK,0.7989573478698729
ToyCar,anomaly_id_04_00000145_.png,OK,0.7727170586585999
ToyCar,anomaly_id_01_00000087_.png,OK,0.5338006019592285
ToyCar,anomaly_id_02_00000183_.png,OK,0.4669778943061829
ToyCar,anomaly_id_04_00000207_.png,OK,0.0891178548336029
fan,normal_id_06_00000095_.png,OK,0.9999012351036072
fan,normal_id_06_00000045_.png,OK,0.9996742010116576
fan,normal_id_02_00000066_.png,OK,0.9991836547851562
fan,normal_id_06_00000075_.png,OK,0.9991783499717712
fan,normal_id_06_00000046_.png,OK,0.9987689256668092
fan,normal_id_06_00000071_.png,OK,0.9987024068832396
fan,normal_id_04_00000032_.png,OK,0.9986851215362548
fan,normal_id_06_00000023_.png,OK,0.9984327554702759
fan,normal_id_06_00000012_.png,OK,0.9981749057769777
fan,normal_id_02_00000003_.png,OK,0.9973832368850708
fan,normal_id_06_00000097_.png,OK,0.9971373081207277
fan,normal_id_06_00000057_.png,OK,0.9965546131134032
fan,normal_id_06_00000068_.png,OK,0.9964272975921632
fan,normal_id_02_00000095_.png,OK,0.9958000779151917
fan,normal_id_06_00000058_.png,OK,0.9957114458084106
fan,normal_id_06_00000086_.png,OK,0.9944086074829102
fan,normal_id_06_00000090_.png,OK,0.9943458437919616
fan,normal_id_04_00000013_.png,OK,0.9928414225578308
fan,normal_id_02_00000098_.png,OK,0.9919010996818542
fan,normal_id_06_00000069_.png,OK,0.991655707359314
fan,normal_id_04_00000034_.png,OK,0.990314781665802
fan,normal_id_04_00000008_.png,OK,0.9901952743530272
fan,normal_id_00_00000098_.png,OK,0.988469123840332
fan,normal_id_06_00000038_.png,OK,0.987951159477234
fan,normal_id_00_00000081_.png,OK,0.9841464161872864
fan,normal_id_04_00000010_.png,OK,0.9828739166259766
fan,normal_id_06_00000054_.png,OK,0.9720463752746582
fan,normal_id_02_00000046_.png,OK,0.9716403484344482
fan,normal_id_02_00000059_.png,OK,0.9698038101196288
fan,normal_id_00_00000017_.png,OK,0.964333176612854
fan,normal_id_06_00000000_.png,OK,0.9632010459899902
fan,normal_id_04_00000098_.png,OK,0.9631929397583008
fan,normal_id_00_00000071_.png,OK,0.961582899093628
fan,normal_id_00_00000048_.png,OK,0.9554412364959716
fan,normal_id_06_00000026_.png,OK,0.9554330110549928
fan,normal_id_06_00000031_.png,OK,0.9409891366958618
fan,normal_id_04_00000073_.png,OK,0.9217483401298524
fan,normal_id_02_00000044_.png,OK,0.9167100191116332
fan,normal_id_02_00000001_.png,OK,0.9150775671005248
fan,normal_id_04_00000057_.png,NOK,0.878841757774353
fan,normal_id_00_00000011_.png,NOK,0.8706978559494019
fan,normal_id_00_00000039_.png,NOK,0.7984248399734497
fan,normal_id_06_00000011_.png,NOK,0.7962591648101807
fan,normal_id_02_00000008_.png,NOK,0.7910948991775513
fan,normal_id_04_00000029_.png,NOK,0.7655714750289917
fan,normal_id_02_00000054_.png,NOK,0.7650187611579895
fan,normal_id_04_00000065_.png,NOK,0.7298476696014404
fan,normal_id_04_00000006_.png,NOK,0.72402024269104
fan,anomaly_id_00_00000262_.png,OK,0.7194750308990479
fan,normal_id_06_00000080_.png,NOK,0.718588650226593
fan,normal_id_02_00000002_.png,NOK,0.692493200302124
fan,normal_id_00_00000015_.png,NOK,0.6315288543701172
fan,normal_id_06_00000087_.png,NOK,0.629214882850647
fan,normal_id_00_00000033_.png,NOK,0.6263433694839478
fan,normal_id_06_00000063_.png,NOK,0.6152200102806091
fan,normal_id_04_00000035_.png,NOK,0.607672393321991
fan,normal_id_04_00000081_.png,NOK,0.6055804491043091
fan,normal_id_02_00000045_.png,NOK,0.5442274212837219
fan,normal_id_04_00000053_.png,NOK,0.5198372602462769
fan,normal_id_00_00000028_.png,NOK,0.5155736207962036
fan,normal_id_04_00000004_.png,NOK,0.48573237657547
fan,normal_id_06_00000052_.png,NOK,0.4735382199287415
fan,normal_id_00_00000077_.png,NOK,0.4560507535934448
fan,normal_id_02_00000084_.png,NOK,0.4229862689971924
fan,anomaly_id_00_00000283_.png,OK,0.4059550166130066
fan,normal_id_04_00000055_.png,NOK,0.3829635381698608
fan,normal_id_04_00000018_.png,NOK,0.3736323714256287
fan,normal_id_00_00000072_.png,NOK,0.35569533705711365
fan,anomaly_id_06_00000112_.png,OK,0.3140592575073242
fan,anomaly_id_00_00000049_.png,OK,0.3130263388156891
fan,normal_id_04_00000069_.png,NOK,0.2648763656616211
fan,normal_id_00_00000008_.png,NOK,0.2572711110115051
fan,anomaly_id_00_00000030_.png,OK,0.2361252903938293
fan,normal_id_02_00000037_.png,NOK,0.2272900938987732
fan,anomaly_id_06_00000215_.png,OK,0.203023225069046
fan,normal_id_00_00000002_.png,NOK,0.1750260293483734
fan,normal_id_00_00000009_.png,NOK,0.1343078315258026
fan,anomaly_id_04_00000290_.png,OK,0.12405496835708618
fan,anomaly_id_00_00000261_.png,OK,0.1229611337184906
fan,anomaly_id_06_00000166_.png,OK,0.12113600969314575
fan,normal_id_00_00000059_.png,NOK,0.12058651447296145
fan,normal_id_00_00000038_.png,NOK,0.10454881191253662
fan,anomaly_id_00_00000189_.png,OK,0.09955048561096193
fan,normal_id_06_00000048_.png,NOK,0.09294906258583067
fan,normal_id_00_00000041_.png,NOK,0.09151557087898254
fan,normal_id_06_00000030_.png,NOK,0.07518571615219116
fan,anomaly_id_00_00000190_.png,OK,0.07356917858123779
fan,anomaly_id_00_00000188_.png,OK,0.06980583071708679
fan,anomaly_id_04_00000212_.png,OK,0.06941419839859009
fan,normal_id_00_00000067_.png,NOK,0.06254246830940248
fan,normal_id_00_00000023_.png,NOK,0.05070725083351135
fan,anomaly_id_00_00000372_.png,OK,0.040395259857177734
fan,normal_id_04_00000063_.png,NOK,0.03803890943527222
fan,anomaly_id_06_00000231_.png,OK,0.037684082984924316
fan,anomaly_id_00_00000082_.png,OK,0.02988910675048828
fan,anomaly_id_00_00000207_.png,OK,0.028290331363677982
fan,normal_id_00_00000075_.png,NOK,0.026432782411575317
fan,anomaly_id_06_00000178_.png,OK,0.022259771823883057
fan,anomaly_id_02_00000032_.png,OK,0.019860297441482544
fan,anomaly_id_02_00000057_.png,OK,0.01220610737800598
fan,normal_id_04_00000027_.png,NOK,0.011930376291275023
fan,anomaly_id_04_00000253_.png,OK,0.01191791892051697
fan,normal_id_04_00000015_.png,NOK,0.011400550603866577
fan,anomaly_id_04_00000082_.png,OK,0.009809672832489014
fan,anomaly_id_02_00000047_.png,OK,0.009385377168655396
fan,anomaly_id_02_00000273_.png,OK,0.009007275104522705
fan,anomaly_id_00_00000325_.png,OK,0.007228344678878784
fan,anomaly_id_02_00000213_.png,OK,0.006172478199005127
fan,anomaly_id_04_00000077_.png,OK,0.0053246915340423575
fan,anomaly_id_04_00000108_.png,OK,0.005020409822463989
fan,anomaly_id_04_00000117_.png,OK,0.004989802837371826
fan,anomaly_id_04_00000280_.png,OK,0.0048152506351470965
fan,anomaly_id_00_00000007_.png,OK,0.004783719778060913
fan,anomaly_id_06_00000009_.png,OK,0.0047646164894104
fan,anomaly_id_02_00000165_.png,OK,0.004049450159072876
fan,anomaly_id_00_00000096_.png,OK,0.003733307123184204
fan,anomaly_id_06_00000096_.png,OK,0.003521829843521118
fan,anomaly_id_00_00000069_.png,OK,0.002987563610076905
fan,anomaly_id_06_00000223_.png,OK,0.0026463866233825684
fan,normal_id_00_00000078_.png,NOK,0.0025217831134796143
fan,anomaly_id_06_00000122_.png,OK,0.002513766288757324
fan,anomaly_id_00_00000044_.png,OK,0.0023823082447052
fan,anomaly_id_02_00000296_.png,OK,0.002290397882461548
fan,anomaly_id_04_00000090_.png,OK,0.002169281244277954
fan,anomaly_id_04_00000305_.png,OK,0.002129167318344116
fan,anomaly_id_06_00000201_.png,OK,0.0020483732223510747
fan,normal_id_04_00000072_.png,NOK,0.0019041001796722406
fan,anomaly_id_04_00000190_.png,OK,0.001818776130676269
fan,anomaly_id_04_00000050_.png,OK,0.0015870928764343262
fan,anomaly_id_02_00000131_.png,OK,0.0014794468879699707
fan,anomaly_id_02_00000137_.png,OK,0.0014533400535583494
fan,anomaly_id_06_00000202_.png,OK,0.001386493444442749
fan,anomaly_id_04_00000022_.png,OK,0.0010880529880523682
fan,anomaly_id_06_00000287_.png,OK,0.0010703802108764648
fan,anomaly_id_00_00000389_.png,OK,0.0010572373867034912
fan,anomaly_id_00_00000281_.png,OK,0.0010083615779876713
fan,anomaly_id_00_00000055_.png,OK,0.0007815062999725343
fan,anomaly_id_02_00000139_.png,OK,0.0007242858409881593
fan,anomaly_id_00_00000141_.png,OK,0.0006894171237945558
fan,anomaly_id_04_00000339_.png,OK,0.000675499439239502
fan,anomaly_id_00_00000067_.png,OK,0.0006709396839141848
fan,anomaly_id_04_00000120_.png,OK,0.0006534755229949951
fan,anomaly_id_06_00000331_.png,OK,0.0005791783332824707
fan,anomaly_id_04_00000124_.png,OK,0.0005415976047515869
fan,anomaly_id_04_00000130_.png,OK,0.0004966855049133301
fan,anomaly_id_02_00000025_.png,OK,0.0004871487617492676
fan,anomaly_id_06_00000352_.png,OK,0.0004820823669433594
fan,anomaly_id_04_00000306_.png,OK,0.0004425644874572754
fan,anomaly_id_02_00000058_.png,OK,0.00043722987174987793
fan,anomaly_id_04_00000167_.png,OK,0.0004124939441680908
fan,anomaly_id_00_00000149_.png,OK,0.00040841102600097656
fan,anomaly_id_04_00000102_.png,OK,0.0004031658172607422
fan,anomaly_id_04_00000343_.png,OK,0.00039303302764892584
fan,anomaly_id_06_00000123_.png,OK,0.00035485625267028814
fan,anomaly_id_00_00000129_.png,OK,0.0002987682819366455
fan,anomaly_id_04_00000178_.png,OK,0.00021782517433166504
fan,anomaly_id_00_00000233_.png,OK,0.00021141767501831047
fan,anomaly_id_04_00000216_.png,OK,0.00018733739852905282
fan,anomaly_id_02_00000245_.png,OK,0.00017893314361572266
fan,anomaly_id_02_00000287_.png,OK,0.00017830729484558103
fan,anomaly_id_04_00000327_.png,OK,0.0001563727855682373
fan,anomaly_id_06_00000051_.png,OK,0.00015240907669067383
fan,anomaly_id_04_00000337_.png,OK,9.05334163689986e-05
fan,anomaly_id_02_00000101_.png,OK,8.84675027919002e-05
fan,anomaly_id_06_00000197_.png,OK,7.326167542487383e-05
fan,normal_id_06_00000074_.png,NOK,6.75703922752291e-05
fan,anomaly_id_00_00000144_.png,OK,6.566645606653765e-05
fan,anomaly_id_06_00000092_.png,OK,5.8289606386097155e-05
fan,anomaly_id_04_00000133_.png,OK,5.7523218856658787e-05
fan,anomaly_id_04_00000330_.png,OK,2.9052545869490132e-05
fan,anomaly_id_06_00000117_.png,OK,2.785245851555373e-05
fan,anomaly_id_00_00000097_.png,OK,2.6651394364307635e-05
fan,anomaly_id_04_00000265_.png,OK,2.516159293008968e-05
fan,anomaly_id_00_00000060_.png,OK,2.280912849528249e-05
fan,anomaly_id_02_00000014_.png,OK,2.1573243429884315e-05
fan,anomaly_id_00_00000179_.png,OK,1.4505902072414756e-05
fan,anomaly_id_00_00000120_.png,OK,1.3053637303528376e-05
fan,anomaly_id_06_00000173_.png,OK,1.047178102453472e-05
fan,anomaly_id_00_00000105_.png,OK,8.115590389934367e-06
fan,anomaly_id_02_00000153_.png,OK,1.6839300087667657e-06
fan,anomaly_id_02_00000126_.png,OK,1.1981221632595407e-06
fan,anomaly_id_04_00000112_.png,OK,6.732460633429581e-07
fan,anomaly_id_02_00000290_.png,OK,1.3870664339332706e-10
ToyConveyor,normal_id_03_00000112_.png,OK,1.0
ToyConveyor,normal_id_03_00000263_.png,OK,1.0
ToyConveyor,normal_id_03_00000670_.png,OK,1.0
ToyConveyor,normal_id_03_00000575_.png,OK,1.0
ToyConveyor,normal_id_01_00000711_.png,OK,1.0
ToyConveyor,normal_id_03_00000484_.png,OK,1.0
ToyConveyor,normal_id_02_00000224_.png,OK,1.0
ToyConveyor,normal_id_03_00000783_.png,OK,1.0
ToyConveyor,normal_id_03_00000193_.png,OK,1.0
ToyConveyor,normal_id_03_00000742_.png,OK,1.0
ToyConveyor,normal_id_02_00000550_.png,OK,1.0
ToyConveyor,normal_id_03_00000027_.png,OK,1.0
ToyConveyor,normal_id_03_00000151_.png,OK,1.0
ToyConveyor,normal_id_03_00000222_.png,OK,1.0
ToyConveyor,normal_id_01_00000117_.png,OK,1.0
ToyConveyor,normal_id_01_00000124_.png,OK,1.0
ToyConveyor,normal_id_01_00000304_.png,OK,1.0
ToyConveyor,normal_id_03_00000154_.png,OK,1.0
ToyConveyor,normal_id_03_00000258_.png,OK,1.0
ToyConveyor,normal_id_03_00000314_.png,OK,1.0
ToyConveyor,normal_id_01_00000383_.png,OK,1.0
ToyConveyor,normal_id_03_00000495_.png,OK,1.0
ToyConveyor,normal_id_03_00000525_.png,OK,1.0
ToyConveyor,normal_id_02_00000150_.png,OK,1.0
ToyConveyor,normal_id_01_00000497_.png,OK,1.0
ToyConveyor,normal_id_03_00000610_.png,OK,1.0
ToyConveyor,normal_id_01_00000089_.png,OK,1.0
ToyConveyor,normal_id_03_00000044_.png,OK,1.0
ToyConveyor,normal_id_02_00000015_.png,OK,1.0
ToyConveyor,normal_id_03_00000763_.png,OK,1.0
ToyConveyor,normal_id_02_00000351_.png,OK,1.0
ToyConveyor,normal_id_01_00000448_.png,OK,0.9999998807907104
ToyConveyor,normal_id_01_00000748_.png,OK,0.9999998807907104
ToyConveyor,normal_id_02_00000667_.png,OK,0.9999997615814208
ToyConveyor,normal_id_03_00000024_.png,OK,0.9999997615814208
ToyConveyor,normal_id_02_00000514_.png,OK,0.9999997615814208
ToyConveyor,normal_id_02_00000242_.png,OK,0.9999997615814208
ToyConveyor,normal_id_01_00000264_.png,OK,0.9999997615814208
ToyConveyor,normal_id_02_00000385_.png,OK,0.9999997019767758
ToyConveyor,normal_id_03_00000013_.png,OK,0.9999996423721312
ToyConveyor,normal_id_01_00000601_.png,OK,0.999999463558197
ToyConveyor,anomaly_id_03_00000055_.png,NOK,0.999999463558197
ToyConveyor,normal_id_03_00000010_.png,OK,0.999999463558197
ToyConveyor,normal_id_01_00000604_.png,OK,0.9999994039535522
ToyConveyor,normal_id_03_00000070_.png,OK,0.9999994039535522
ToyConveyor,anomaly_id_03_00000237_.png,NOK,0.9999992847442628
ToyConveyor,normal_id_02_00000508_.png,OK,0.9999991655349731
ToyConveyor,normal_id_03_00000520_.png,OK,0.9999990463256836
ToyConveyor,normal_id_03_00000315_.png,OK,0.9999990463256836
ToyConveyor,normal_id_01_00000453_.png,OK,0.9999989867210388
ToyConveyor,normal_id_02_00000262_.png,OK,0.999998927116394
ToyConveyor,normal_id_02_00000467_.png,OK,0.999998927116394
ToyConveyor,normal_id_01_00000463_.png,OK,0.9999988079071044
ToyConveyor,normal_id_03_00000488_.png,OK,0.9999988079071044
ToyConveyor,normal_id_01_00000676_.png,OK,0.9999985694885254
ToyConveyor,normal_id_02_00000231_.png,OK,0.9999985694885254
ToyConveyor,anomaly_id_01_00000253_.png,NOK,0.9999983310699464
ToyConveyor,normal_id_01_00000051_.png,OK,0.9999982118606568
ToyConveyor,normal_id_03_00000022_.png,OK,0.999998152256012
ToyConveyor,normal_id_02_00000596_.png,OK,0.9999974966049194
ToyConveyor,anomaly_id_01_00000342_.png,NOK,0.9999974966049194
ToyConveyor,normal_id_01_00000380_.png,OK,0.99999737739563
ToyConveyor,normal_id_02_00000044_.png,OK,0.9999972581863404
ToyConveyor,normal_id_03_00000040_.png,OK,0.9999971389770508
ToyConveyor,normal_id_01_00000510_.png,OK,0.9999969601631165
ToyConveyor,normal_id_01_00000109_.png,OK,0.9999967217445374
ToyConveyor,anomaly_id_02_00000096_.png,NOK,0.9999964237213136
ToyConveyor,anomaly_id_02_00000024_.png,NOK,0.9999963641166688
ToyConveyor,anomaly_id_03_00000271_.png,NOK,0.9999961256980896
ToyConveyor,normal_id_01_00000777_.png,OK,0.9999959468841552
ToyConveyor,normal_id_01_00000588_.png,OK,0.9999958276748656
ToyConveyor,normal_id_03_00000545_.png,OK,0.9999945163726808
ToyConveyor,normal_id_02_00000639_.png,OK,0.9999945163726808
ToyConveyor,normal_id_02_00000188_.png,OK,0.9999942779541016
ToyConveyor,anomaly_id_01_00000007_.png,NOK,0.9999942183494568
ToyConveyor,normal_id_01_00000766_.png,OK,0.9999939203262328
ToyConveyor,normal_id_01_00000370_.png,OK,0.9999937415122986
ToyConveyor,normal_id_03_00000187_.png,OK,0.9999935626983644
ToyConveyor,normal_id_01_00000406_.png,OK,0.9999935626983644
ToyConveyor,normal_id_01_00000321_.png,OK,0.99999338388443
ToyConveyor,normal_id_01_00000354_.png,OK,0.9999933242797852
ToyConveyor,normal_id_01_00000444_.png,OK,0.9999920129776
ToyConveyor,normal_id_01_00000664_.png,OK,0.9999918937683104
ToyConveyor,anomaly_id_01_00000156_.png,NOK,0.9999906420707704
ToyConveyor,normal_id_03_00000205_.png,OK,0.9999902248382568
ToyConveyor,normal_id_01_00000319_.png,OK,0.9999896287918092
ToyConveyor,anomaly_id_01_00000097_.png,NOK,0.9999895095825196
ToyConveyor,normal_id_01_00000212_.png,OK,0.9999894499778748
ToyConveyor,normal_id_01_00000138_.png,OK,0.9999891519546508
ToyConveyor,anomaly_id_01_00000396_.png,NOK,0.9999889731407166
ToyConveyor,normal_id_01_00000356_.png,OK,0.9999889135360718
ToyConveyor,anomaly_id_03_00000200_.png,NOK,0.9999876618385316
ToyConveyor,anomaly_id_03_00000116_.png,NOK,0.9999868869781494
ToyConveyor,anomaly_id_02_00000004_.png,NOK,0.9999853372573853
ToyConveyor,anomaly_id_03_00000037_.png,NOK,0.9999849796295166
ToyConveyor,anomaly_id_01_00000154_.png,NOK,0.9999843835830688
ToyConveyor,anomaly_id_02_00000055_.png,NOK,0.9999836087226868
ToyConveyor,anomaly_id_03_00000123_.png,NOK,0.9999791979789734
ToyConveyor,anomaly_id_01_00000023_.png,NOK,0.9999790191650392
ToyConveyor,anomaly_id_02_00000129_.png,NOK,0.9999772310256958
ToyConveyor,anomaly_id_01_00000049_.png,NOK,0.999973714351654
ToyConveyor,anomaly_id_03_00000268_.png,NOK,0.9999679923057556
ToyConveyor,normal_id_02_00000417_.png,OK,0.9999650716781616
ToyConveyor,normal_id_01_00000661_.png,OK,0.999963402748108
ToyConveyor,normal_id_01_00000728_.png,OK,0.9999629855155944
ToyConveyor,anomaly_id_02_00000183_.png,NOK,0.999954104423523
ToyConveyor,normal_id_02_00000682_.png,OK,0.9999513626098632
ToyConveyor,anomaly_id_01_00000241_.png,NOK,0.9999511241912842
ToyConveyor,anomaly_id_02_00000197_.png,NOK,0.9999496936798096
ToyConveyor,anomaly_id_03_00000029_.png,NOK,0.9999444484710692
ToyConveyor,normal_id_01_00000010_.png,OK,0.9999425411224364
ToyConveyor,anomaly_id_01_00000399_.png,NOK,0.999941110610962
ToyConveyor,anomaly_id_03_00000175_.png,NOK,0.9999350309371948
ToyConveyor,anomaly_id_01_00000178_.png,NOK,0.9999276399612428
ToyConveyor,normal_id_02_00000382_.png,OK,0.9999268054962158
ToyConveyor,normal_id_01_00000317_.png,OK,0.9999202489852904
ToyConveyor,normal_id_03_00000021_.png,OK,0.9999200105667114
ToyConveyor,anomaly_id_03_00000235_.png,NOK,0.9999127388000488
ToyConveyor,normal_id_03_00000009_.png,OK,0.9999117851257324
ToyConveyor,anomaly_id_03_00000186_.png,NOK,0.9999111890792848
ToyConveyor,normal_id_01_00000413_.png,OK,0.9999065399169922
ToyConveyor,anomaly_id_01_00000388_.png,NOK,0.9999034404754642
ToyConveyor,anomaly_id_01_00000308_.png,NOK,0.9998973608016968
ToyConveyor,anomaly_id_01_00000172_.png,NOK,0.999890685081482
ToyConveyor,anomaly_id_03_00000270_.png,NOK,0.99988853931427
ToyConveyor,normal_id_02_00000541_.png,OK,0.999880075454712
ToyConveyor,normal_id_02_00000743_.png,OK,0.9998797178268432
ToyConveyor,anomaly_id_03_00000080_.png,NOK,0.9998761415481568
ToyConveyor,anomaly_id_03_00000071_.png,NOK,0.9998711347579956
ToyConveyor,anomaly_id_03_00000272_.png,NOK,0.9998642206192015
ToyConveyor,anomaly_id_01_00000269_.png,NOK,0.99980229139328
ToyConveyor,anomaly_id_02_00000321_.png,NOK,0.9997752904891968
ToyConveyor,anomaly_id_01_00000324_.png,NOK,0.9997645616531372
ToyConveyor,anomaly_id_02_00000209_.png,NOK,0.9997488260269164
ToyConveyor,anomaly_id_01_00000025_.png,NOK,0.9997231960296632
ToyConveyor,anomaly_id_03_00000073_.png,NOK,0.9996914863586426
ToyConveyor,anomaly_id_03_00000011_.png,NOK,0.9996874928474426
ToyConveyor,anomaly_id_01_00000091_.png,NOK,0.9996692538261414
ToyConveyor,anomaly_id_01_00000101_.png,NOK,0.999599814414978
ToyConveyor,anomaly_id_02_00000083_.png,NOK,0.9995851516723632
ToyConveyor,normal_id_02_00000555_.png,OK,0.9995707869529724
ToyConveyor,anomaly_id_01_00000057_.png,NOK,0.9995566606521606
ToyConveyor,normal_id_02_00000396_.png,OK,0.9995424151420592
ToyConveyor,anomaly_id_02_00000121_.png,NOK,0.9995253086090088
ToyConveyor,anomaly_id_01_00000054_.png,NOK,0.9995129704475404
ToyConveyor,anomaly_id_01_00000069_.png,NOK,0.9995001554489136
ToyConveyor,anomaly_id_01_00000238_.png,NOK,0.9994788765907288
ToyConveyor,anomaly_id_01_00000138_.png,NOK,0.9994689226150512
ToyConveyor,anomaly_id_02_00000224_.png,NOK,0.9994267821311952
ToyConveyor,normal_id_02_00000570_.png,OK,0.9993873834609984
ToyConveyor,anomaly_id_02_00000171_.png,NOK,0.9993585348129272
ToyConveyor,anomaly_id_03_00000048_.png,NOK,0.9993536472320556
ToyConveyor,normal_id_02_00000720_.png,OK,0.999332308769226
ToyConveyor,anomaly_id_02_00000134_.png,NOK,0.9993309974670408
ToyConveyor,normal_id_02_00000700_.png,OK,0.9993301630020142
ToyConveyor,anomaly_id_02_00000291_.png,NOK,0.9992358684539796
ToyConveyor,anomaly_id_03_00000191_.png,NOK,0.9991943836212158
ToyConveyor,anomaly_id_02_00000036_.png,NOK,0.9991853833198548
ToyConveyor,anomaly_id_02_00000279_.png,NOK,0.9990732669830322
ToyConveyor,anomaly_id_01_00000204_.png,NOK,0.9990115165710448
ToyConveyor,anomaly_id_02_00000157_.png,NOK,0.9989655613899232
ToyConveyor,anomaly_id_01_00000390_.png,NOK,0.9989479780197144
ToyConveyor,anomaly_id_01_00000004_.png,NOK,0.9989265203475952
ToyConveyor,anomaly_id_01_00000325_.png,NOK,0.9988757967948914
ToyConveyor,anomaly_id_01_00000161_.png,NOK,0.9987390637397766
ToyConveyor,anomaly_id_02_00000049_.png,NOK,0.998313307762146
ToyConveyor,anomaly_id_01_00000357_.png,NOK,0.9982886314392092
ToyConveyor,anomaly_id_02_00000147_.png,NOK,0.9980185031890868
ToyConveyor,anomaly_id_03_00000304_.png,NOK,0.9979910850524902
ToyConveyor,anomaly_id_03_00000168_.png,NOK,0.9973000288009644
ToyConveyor,anomaly_id_03_00000087_.png,NOK,0.9972302317619324
ToyConveyor,anomaly_id_02_00000007_.png,NOK,0.9963973760604858
ToyConveyor,anomaly_id_03_00000179_.png,NOK,0.9959396123886108
ToyConveyor,anomaly_id_03_00000283_.png,NOK,0.9956268668174744
ToyConveyor,anomaly_id_03_00000218_.png,NOK,0.9954077005386353
ToyConveyor,anomaly_id_03_00000126_.png,NOK,0.9953523874282836
ToyConveyor,anomaly_id_02_00000051_.png,NOK,0.9952353239059448
ToyConveyor,anomaly_id_01_00000202_.png,NOK,0.9951602220535278
ToyConveyor,anomaly_id_02_00000236_.png,NOK,0.9945825338363647
ToyConveyor,anomaly_id_01_00000081_.png,NOK,0.9945083856582642
ToyConveyor,anomaly_id_01_00000149_.png,NOK,0.9944361448287964
ToyConveyor,anomaly_id_03_00000350_.png,NOK,0.9943794012069702
ToyConveyor,anomaly_id_01_00000152_.png,NOK,0.9936933517456056
ToyConveyor,anomaly_id_03_00000173_.png,NOK,0.9935485124588012
ToyConveyor,anomaly_id_03_00000134_.png,NOK,0.9932712912559508
ToyConveyor,anomaly_id_02_00000066_.png,NOK,0.9916312694549559
ToyConveyor,anomaly_id_02_00000248_.png,NOK,0.9907176494598388
ToyConveyor,anomaly_id_02_00000228_.png,NOK,0.9894680380821228
ToyConveyor,anomaly_id_01_00000296_.png,NOK,0.9888800978660583
ToyConveyor,anomaly_id_01_00000068_.png,NOK,0.9855329394340516
ToyConveyor,anomaly_id_01_00000102_.png,NOK,0.9841992259025574
ToyConveyor,anomaly_id_02_00000069_.png,NOK,0.9722000360488892
ToyConveyor,anomaly_id_02_00000013_.png,NOK,0.9705835580825806
ToyConveyor,anomaly_id_01_00000268_.png,NOK,0.9678861498832704
ToyConveyor,anomaly_id_01_00000188_.png,NOK,0.9559711217880248
ToyConveyor,anomaly_id_01_00000230_.png,NOK,0.9510645866394044
ToyConveyor,anomaly_id_01_00000326_.png,OK,0.8378480672836304
